filename,path
39_miem.jpeg,../data/hse_faces_miem/39_miem.jpeg
402_miem.jpeg,../data/hse_faces_miem/402_miem.jpeg
128_miem.jpeg,../data/hse_faces_miem/128_miem.jpeg
291_miem.jpeg,../data/hse_faces_miem/291_miem.jpeg
43_miem.jpeg,../data/hse_faces_miem/43_miem.jpeg
222_miem.jpeg,../data/hse_faces_miem/222_miem.jpeg
492_zulip.jpeg,../data/hse_faces_miem/492_zulip.jpeg
364_miem.jpeg,../data/hse_faces_miem/364_miem.jpeg
478_miem.jpeg,../data/hse_faces_miem/478_miem.jpeg
152_miem.jpeg,../data/hse_faces_miem/152_miem.jpeg
146_miem.jpeg,../data/hse_faces_miem/146_miem.jpeg
370_miem.jpeg,../data/hse_faces_miem/370_miem.jpeg
236_miem.jpeg,../data/hse_faces_miem/236_miem.jpeg
57_miem.jpeg,../data/hse_faces_miem/57_miem.jpeg
416_miem.jpeg,../data/hse_faces_miem/416_miem.jpeg
7_miem.jpeg,../data/hse_faces_miem/7_miem.jpeg
351_miem.jpeg,../data/hse_faces_miem/351_miem.jpeg
484_miem.jpeg,../data/hse_faces_miem/484_miem.jpeg
167_miem.jpeg,../data/hse_faces_miem/167_miem.jpeg
217_miem.jpeg,../data/hse_faces_miem/217_miem.jpeg
76_miem.jpeg,../data/hse_faces_miem/76_miem.jpeg
437_miem.jpeg,../data/hse_faces_miem/437_miem.jpeg
18_miem.jpeg,../data/hse_faces_miem/18_miem.jpeg
109_miem.jpeg,../data/hse_faces_miem/109_miem.jpeg
159_zulip.jpeg,../data/hse_faces_miem/159_zulip.jpeg
50_zulip.jpeg,../data/hse_faces_miem/50_zulip.jpeg
279_miem.jpeg,../data/hse_faces_miem/279_miem.jpeg
203_miem.jpeg,../data/hse_faces_miem/203_miem.jpeg
173_miem.jpeg,../data/hse_faces_miem/173_miem.jpeg
490_miem.jpeg,../data/hse_faces_miem/490_miem.jpeg
459_miem.jpeg,../data/hse_faces_miem/459_miem.jpeg
255_miem.jpeg,../data/hse_faces_miem/255_miem.jpeg
313_miem.jpeg,../data/hse_faces_miem/313_miem.jpeg
34_miem.jpeg,../data/hse_faces_miem/34_miem.jpeg
196_miem.jpeg,../data/hse_faces_miem/196_miem.jpeg
475_miem.jpeg,../data/hse_faces_miem/475_miem.jpeg
369_miem.jpeg,../data/hse_faces_miem/369_miem.jpeg
457_zulip.jpeg,../data/hse_faces_miem/457_zulip.jpeg
87_miem.jpeg,../data/hse_faces_miem/87_miem.jpeg
461_miem.jpeg,../data/hse_faces_miem/461_miem.jpeg
182_miem.jpeg,../data/hse_faces_miem/182_miem.jpeg
20_miem.jpeg,../data/hse_faces_miem/20_miem.jpeg
307_miem.jpeg,../data/hse_faces_miem/307_miem.jpeg
131_miem.jpeg,../data/hse_faces_miem/131_miem.jpeg
241_miem.jpeg,../data/hse_faces_miem/241_miem.jpeg
288_miem.jpeg,../data/hse_faces_miem/288_miem.jpeg
440_miem.jpeg,../data/hse_faces_miem/440_miem.jpeg
489_miem.jpeg,../data/hse_faces_miem/489_miem.jpeg
395_miem.jpeg,../data/hse_faces_miem/395_miem.jpeg
110_miem.jpeg,../data/hse_faces_miem/110_miem.jpeg
326_miem.jpeg,../data/hse_faces_miem/326_miem.jpeg
274_miem.jpeg,../data/hse_faces_miem/274_miem.jpeg
332_miem.jpeg,../data/hse_faces_miem/332_miem.jpeg
104_miem.jpeg,../data/hse_faces_miem/104_miem.jpeg
15_miem.jpeg,../data/hse_faces_miem/15_miem.jpeg
381_miem.jpeg,../data/hse_faces_miem/381_miem.jpeg
348_miem.jpeg,../data/hse_faces_miem/348_miem.jpeg
454_miem.jpeg,../data/hse_faces_miem/454_miem.jpeg
431_miem.jpeg,../data/hse_faces_miem/431_miem.jpeg
211_miem.jpeg,../data/hse_faces_miem/211_miem.jpeg
357_miem.jpeg,../data/hse_faces_miem/357_miem.jpeg
482_miem.jpeg,../data/hse_faces_miem/482_miem.jpeg
161_miem.jpeg,../data/hse_faces_miem/161_miem.jpeg
70_miem.jpeg,../data/hse_faces_miem/70_miem.jpeg
64_miem.jpeg,../data/hse_faces_miem/64_miem.jpeg
175_miem.jpeg,../data/hse_faces_miem/175_miem.jpeg
343_miem.jpeg,../data/hse_faces_miem/343_miem.jpeg
205_miem.jpeg,../data/hse_faces_miem/205_miem.jpeg
425_miem.jpeg,../data/hse_faces_miem/425_miem.jpeg
339_miem.jpeg,../data/hse_faces_miem/339_miem.jpeg
154_miem.jpeg,../data/hse_faces_miem/154_miem.jpeg
224_miem.jpeg,../data/hse_faces_miem/224_miem.jpeg
297_miem.jpeg,../data/hse_faces_miem/297_miem.jpeg
318_miem.jpeg,../data/hse_faces_miem/318_miem.jpeg
404_miem.jpeg,../data/hse_faces_miem/404_miem.jpeg
410_miem.jpeg,../data/hse_faces_miem/410_miem.jpeg
1_miem.jpeg,../data/hse_faces_miem/1_miem.jpeg
283_miem.jpeg,../data/hse_faces_miem/283_miem.jpeg
230_miem.jpeg,../data/hse_faces_miem/230_miem.jpeg
189_miem.jpeg,../data/hse_faces_miem/189_miem.jpeg
140_miem.jpeg,../data/hse_faces_miem/140_miem.jpeg
376_miem.jpeg,../data/hse_faces_miem/376_miem.jpeg
98_miem.jpeg,../data/hse_faces_miem/98_miem.jpeg
51_miem.jpeg,../data/hse_faces_miem/51_miem.jpeg
266_miem.jpeg,../data/hse_faces_miem/266_miem.jpeg
177_zulip.jpeg,../data/hse_faces_miem/177_zulip.jpeg
116_miem.jpeg,../data/hse_faces_miem/116_miem.jpeg
320_miem.jpeg,../data/hse_faces_miem/320_miem.jpeg
446_miem.jpeg,../data/hse_faces_miem/446_miem.jpeg
393_miem.jpeg,../data/hse_faces_miem/393_miem.jpeg
387_miem.jpeg,../data/hse_faces_miem/387_miem.jpeg
452_miem.jpeg,../data/hse_faces_miem/452_miem.jpeg
178_miem.jpeg,../data/hse_faces_miem/178_miem.jpeg
69_miem.jpeg,../data/hse_faces_miem/69_miem.jpeg
334_miem.jpeg,../data/hse_faces_miem/334_miem.jpeg
428_miem.jpeg,../data/hse_faces_miem/428_miem.jpeg
102_miem.jpeg,../data/hse_faces_miem/102_miem.jpeg
13_miem.jpeg,../data/hse_faces_miem/13_miem.jpeg
229_miem.jpeg,../data/hse_faces_miem/229_miem.jpeg
159_miem.jpeg,../data/hse_faces_miem/159_miem.jpeg
190_miem.jpeg,../data/hse_faces_miem/190_miem.jpeg
473_miem.jpeg,../data/hse_faces_miem/473_miem.jpeg
48_miem.jpeg,../data/hse_faces_miem/48_miem.jpeg
81_miem.jpeg,../data/hse_faces_miem/81_miem.jpeg
123_miem.jpeg,../data/hse_faces_miem/123_miem.jpeg
315_miem.jpeg,../data/hse_faces_miem/315_miem.jpeg
253_miem.jpeg,../data/hse_faces_miem/253_miem.jpeg
32_miem.jpeg,../data/hse_faces_miem/32_miem.jpeg
26_miem.jpeg,../data/hse_faces_miem/26_miem.jpeg
247_miem.jpeg,../data/hse_faces_miem/247_miem.jpeg
301_miem.jpeg,../data/hse_faces_miem/301_miem.jpeg
137_miem.jpeg,../data/hse_faces_miem/137_miem.jpeg
95_miem.jpeg,../data/hse_faces_miem/95_miem.jpeg
467_miem.jpeg,../data/hse_faces_miem/467_miem.jpeg
184_miem.jpeg,../data/hse_faces_miem/184_miem.jpeg
237_miem.jpeg,../data/hse_faces_miem/237_miem.jpeg
147_miem.jpeg,../data/hse_faces_miem/147_miem.jpeg
371_miem.jpeg,../data/hse_faces_miem/371_miem.jpeg
56_miem.jpeg,../data/hse_faces_miem/56_miem.jpeg
417_miem.jpeg,../data/hse_faces_miem/417_miem.jpeg
6_miem.jpeg,../data/hse_faces_miem/6_miem.jpeg
284_miem.jpeg,../data/hse_faces_miem/284_miem.jpeg
8_zulip.jpeg,../data/hse_faces_miem/8_zulip.jpeg
38_miem.jpeg,../data/hse_faces_miem/38_miem.jpeg
290_miem.jpeg,../data/hse_faces_miem/290_miem.jpeg
259_miem.jpeg,../data/hse_faces_miem/259_miem.jpeg
403_miem.jpeg,../data/hse_faces_miem/403_miem.jpeg
129_miem.jpeg,../data/hse_faces_miem/129_miem.jpeg
42_miem.jpeg,../data/hse_faces_miem/42_miem.jpeg
365_miem.jpeg,../data/hse_faces_miem/365_miem.jpeg
479_miem.jpeg,../data/hse_faces_miem/479_miem.jpeg
153_miem.jpeg,../data/hse_faces_miem/153_miem.jpeg
223_miem.jpeg,../data/hse_faces_miem/223_miem.jpeg
19_miem.jpeg,../data/hse_faces_miem/19_miem.jpeg
278_miem.jpeg,../data/hse_faces_miem/278_miem.jpeg
108_miem.jpeg,../data/hse_faces_miem/108_miem.jpeg
422_miem.jpeg,../data/hse_faces_miem/422_miem.jpeg
491_miem.jpeg,../data/hse_faces_miem/491_miem.jpeg
458_miem.jpeg,../data/hse_faces_miem/458_miem.jpeg
344_miem.jpeg,../data/hse_faces_miem/344_miem.jpeg
202_miem.jpeg,../data/hse_faces_miem/202_miem.jpeg
216_miem.jpeg,../data/hse_faces_miem/216_miem.jpeg
350_miem.jpeg,../data/hse_faces_miem/350_miem.jpeg
399_miem.jpeg,../data/hse_faces_miem/399_miem.jpeg
485_miem.jpeg,../data/hse_faces_miem/485_miem.jpeg
166_miem.jpeg,../data/hse_faces_miem/166_miem.jpeg
77_miem.jpeg,../data/hse_faces_miem/77_miem.jpeg
358_zulip.jpeg,../data/hse_faces_miem/358_zulip.jpeg
436_miem.jpeg,../data/hse_faces_miem/436_miem.jpeg
92_miem.jpeg,../data/hse_faces_miem/92_miem.jpeg
183_miem.jpeg,../data/hse_faces_miem/183_miem.jpeg
134_zulip.jpeg,../data/hse_faces_miem/134_zulip.jpeg
21_miem.jpeg,../data/hse_faces_miem/21_miem.jpeg
240_miem.jpeg,../data/hse_faces_miem/240_miem.jpeg
306_miem.jpeg,../data/hse_faces_miem/306_miem.jpeg
130_miem.jpeg,../data/hse_faces_miem/130_miem.jpeg
312_miem.jpeg,../data/hse_faces_miem/312_miem.jpeg
254_miem.jpeg,../data/hse_faces_miem/254_miem.jpeg
5_zulip.jpeg,../data/hse_faces_miem/5_zulip.jpeg
197_miem.jpeg,../data/hse_faces_miem/197_miem.jpeg
474_miem.jpeg,../data/hse_faces_miem/474_miem.jpeg
368_miem.jpeg,../data/hse_faces_miem/368_miem.jpeg
86_miem.jpeg,../data/hse_faces_miem/86_miem.jpeg
333_miem.jpeg,../data/hse_faces_miem/333_miem.jpeg
105_miem.jpeg,../data/hse_faces_miem/105_miem.jpeg
275_miem.jpeg,../data/hse_faces_miem/275_miem.jpeg
21_zulip.jpeg,../data/hse_faces_miem/21_zulip.jpeg
74_zulip.jpeg,../data/hse_faces_miem/74_zulip.jpeg
380_miem.jpeg,../data/hse_faces_miem/380_miem.jpeg
349_miem.jpeg,../data/hse_faces_miem/349_miem.jpeg
455_miem.jpeg,../data/hse_faces_miem/455_miem.jpeg
441_miem.jpeg,../data/hse_faces_miem/441_miem.jpeg
488_miem.jpeg,../data/hse_faces_miem/488_miem.jpeg
182_zulip.jpeg,../data/hse_faces_miem/182_zulip.jpeg
394_miem.jpeg,../data/hse_faces_miem/394_miem.jpeg
261_miem.jpeg,../data/hse_faces_miem/261_miem.jpeg
111_miem.jpeg,../data/hse_faces_miem/111_miem.jpeg
204_miem.jpeg,../data/hse_faces_miem/204_miem.jpeg
342_miem.jpeg,../data/hse_faces_miem/342_miem.jpeg
424_miem.jpeg,../data/hse_faces_miem/424_miem.jpeg
131_zulip.jpeg,../data/hse_faces_miem/131_zulip.jpeg
430_miem.jpeg,../data/hse_faces_miem/430_miem.jpeg
356_miem.jpeg,../data/hse_faces_miem/356_miem.jpeg
483_miem.jpeg,../data/hse_faces_miem/483_miem.jpeg
160_miem.jpeg,../data/hse_faces_miem/160_miem.jpeg
71_miem.jpeg,../data/hse_faces_miem/71_miem.jpeg
282_miem.jpeg,../data/hse_faces_miem/282_miem.jpeg
411_miem.jpeg,../data/hse_faces_miem/411_miem.jpeg
188_miem.jpeg,../data/hse_faces_miem/188_miem.jpeg
141_miem.jpeg,../data/hse_faces_miem/141_miem.jpeg
377_miem.jpeg,../data/hse_faces_miem/377_miem.jpeg
231_miem.jpeg,../data/hse_faces_miem/231_miem.jpeg
50_miem.jpeg,../data/hse_faces_miem/50_miem.jpeg
44_miem.jpeg,../data/hse_faces_miem/44_miem.jpeg
225_miem.jpeg,../data/hse_faces_miem/225_miem.jpeg
363_miem.jpeg,../data/hse_faces_miem/363_miem.jpeg
155_miem.jpeg,../data/hse_faces_miem/155_miem.jpeg
319_miem.jpeg,../data/hse_faces_miem/319_miem.jpeg
405_miem.jpeg,../data/hse_faces_miem/405_miem.jpeg
296_miem.jpeg,../data/hse_faces_miem/296_miem.jpeg
386_miem.jpeg,../data/hse_faces_miem/386_miem.jpeg
179_miem.jpeg,../data/hse_faces_miem/179_miem.jpeg
209_miem.jpeg,../data/hse_faces_miem/209_miem.jpeg
273_miem.jpeg,../data/hse_faces_miem/273_miem.jpeg
335_miem.jpeg,../data/hse_faces_miem/335_miem.jpeg
429_miem.jpeg,../data/hse_faces_miem/429_miem.jpeg
103_miem.jpeg,../data/hse_faces_miem/103_miem.jpeg
12_miem.jpeg,../data/hse_faces_miem/12_miem.jpeg
117_miem.jpeg,../data/hse_faces_miem/117_miem.jpeg
321_miem.jpeg,../data/hse_faces_miem/321_miem.jpeg
267_miem.jpeg,../data/hse_faces_miem/267_miem.jpeg
447_miem.jpeg,../data/hse_faces_miem/447_miem.jpeg
392_miem.jpeg,../data/hse_faces_miem/392_miem.jpeg
300_miem.jpeg,../data/hse_faces_miem/300_miem.jpeg
136_miem.jpeg,../data/hse_faces_miem/136_miem.jpeg
246_miem.jpeg,../data/hse_faces_miem/246_miem.jpeg
94_miem.jpeg,../data/hse_faces_miem/94_miem.jpeg
466_miem.jpeg,../data/hse_faces_miem/466_miem.jpeg
185_miem.jpeg,../data/hse_faces_miem/185_miem.jpeg
158_miem.jpeg,../data/hse_faces_miem/158_miem.jpeg
191_miem.jpeg,../data/hse_faces_miem/191_miem.jpeg
472_miem.jpeg,../data/hse_faces_miem/472_miem.jpeg
228_miem.jpeg,../data/hse_faces_miem/228_miem.jpeg
80_miem.jpeg,../data/hse_faces_miem/80_miem.jpeg
252_miem.jpeg,../data/hse_faces_miem/252_miem.jpeg
122_miem.jpeg,../data/hse_faces_miem/122_miem.jpeg
408_miem.jpeg,../data/hse_faces_miem/408_miem.jpeg
314_miem.jpeg,../data/hse_faces_miem/314_miem.jpeg
74_miem.jpeg,../data/hse_faces_miem/74_miem.jpeg
353_miem.jpeg,../data/hse_faces_miem/353_miem.jpeg
486_miem.jpeg,../data/hse_faces_miem/486_miem.jpeg
165_miem.jpeg,../data/hse_faces_miem/165_miem.jpeg
215_miem.jpeg,../data/hse_faces_miem/215_miem.jpeg
329_miem.jpeg,../data/hse_faces_miem/329_miem.jpeg
435_miem.jpeg,../data/hse_faces_miem/435_miem.jpeg
421_miem.jpeg,../data/hse_faces_miem/421_miem.jpeg
184_zulip.jpeg,../data/hse_faces_miem/184_zulip.jpeg
201_miem.jpeg,../data/hse_faces_miem/201_miem.jpeg
171_miem.jpeg,../data/hse_faces_miem/171_miem.jpeg
492_miem.jpeg,../data/hse_faces_miem/492_miem.jpeg
347_miem.jpeg,../data/hse_faces_miem/347_miem.jpeg
400_miem.jpeg,../data/hse_faces_miem/400_miem.jpeg
293_miem.jpeg,../data/hse_faces_miem/293_miem.jpeg
220_miem.jpeg,../data/hse_faces_miem/220_miem.jpeg
366_miem.jpeg,../data/hse_faces_miem/366_miem.jpeg
150_zulip.jpeg,../data/hse_faces_miem/150_zulip.jpeg
199_miem.jpeg,../data/hse_faces_miem/199_miem.jpeg
150_miem.jpeg,../data/hse_faces_miem/150_miem.jpeg
41_miem.jpeg,../data/hse_faces_miem/41_miem.jpeg
55_miem.jpeg,../data/hse_faces_miem/55_miem.jpeg
144_miem.jpeg,../data/hse_faces_miem/144_miem.jpeg
372_miem.jpeg,../data/hse_faces_miem/372_miem.jpeg
234_miem.jpeg,../data/hse_faces_miem/234_miem.jpeg
287_miem.jpeg,../data/hse_faces_miem/287_miem.jpeg
414_miem.jpeg,../data/hse_faces_miem/414_miem.jpeg
5_miem.jpeg,../data/hse_faces_miem/5_miem.jpeg
308_miem.jpeg,../data/hse_faces_miem/308_miem.jpeg
218_miem.jpeg,../data/hse_faces_miem/218_miem.jpeg
442_miem.jpeg,../data/hse_faces_miem/442_miem.jpeg
168_miem.jpeg,../data/hse_faces_miem/168_miem.jpeg
397_miem.jpeg,../data/hse_faces_miem/397_miem.jpeg
79_miem.jpeg,../data/hse_faces_miem/79_miem.jpeg
438_miem.jpeg,../data/hse_faces_miem/438_miem.jpeg
112_miem.jpeg,../data/hse_faces_miem/112_miem.jpeg
324_miem.jpeg,../data/hse_faces_miem/324_miem.jpeg
262_miem.jpeg,../data/hse_faces_miem/262_miem.jpeg
17_miem.jpeg,../data/hse_faces_miem/17_miem.jpeg
276_miem.jpeg,../data/hse_faces_miem/276_miem.jpeg
106_miem.jpeg,../data/hse_faces_miem/106_miem.jpeg
383_miem.jpeg,../data/hse_faces_miem/383_miem.jpeg
456_miem.jpeg,../data/hse_faces_miem/456_miem.jpeg
36_miem.jpeg,../data/hse_faces_miem/36_miem.jpeg
257_miem.jpeg,../data/hse_faces_miem/257_miem.jpeg
127_miem.jpeg,../data/hse_faces_miem/127_miem.jpeg
311_miem.jpeg,../data/hse_faces_miem/311_miem.jpeg
85_miem.jpeg,../data/hse_faces_miem/85_miem.jpeg
194_miem.jpeg,../data/hse_faces_miem/194_miem.jpeg
477_miem.jpeg,../data/hse_faces_miem/477_miem.jpeg
239_miem.jpeg,../data/hse_faces_miem/239_miem.jpeg
149_miem.jpeg,../data/hse_faces_miem/149_miem.jpeg
463_miem.jpeg,../data/hse_faces_miem/463_miem.jpeg
180_miem.jpeg,../data/hse_faces_miem/180_miem.jpeg
91_miem.jpeg,../data/hse_faces_miem/91_miem.jpeg
305_miem.jpeg,../data/hse_faces_miem/305_miem.jpeg
8_miem.jpeg,../data/hse_faces_miem/8_miem.jpeg
133_miem.jpeg,../data/hse_faces_miem/133_miem.jpeg
419_miem.jpeg,../data/hse_faces_miem/419_miem.jpeg
243_miem.jpeg,../data/hse_faces_miem/243_miem.jpeg
22_miem.jpeg,../data/hse_faces_miem/22_miem.jpeg
360_miem.jpeg,../data/hse_faces_miem/360_miem.jpeg
156_miem.jpeg,../data/hse_faces_miem/156_miem.jpeg
226_miem.jpeg,../data/hse_faces_miem/226_miem.jpeg
47_miem.jpeg,../data/hse_faces_miem/47_miem.jpeg
295_miem.jpeg,../data/hse_faces_miem/295_miem.jpeg
406_miem.jpeg,../data/hse_faces_miem/406_miem.jpeg
412_miem.jpeg,../data/hse_faces_miem/412_miem.jpeg
138_miem.jpeg,../data/hse_faces_miem/138_miem.jpeg
3_miem.jpeg,../data/hse_faces_miem/3_miem.jpeg
281_miem.jpeg,../data/hse_faces_miem/281_miem.jpeg
248_miem.jpeg,../data/hse_faces_miem/248_miem.jpeg
53_miem.jpeg,../data/hse_faces_miem/53_miem.jpeg
232_miem.jpeg,../data/hse_faces_miem/232_miem.jpeg
142_miem.jpeg,../data/hse_faces_miem/142_miem.jpeg
374_miem.jpeg,../data/hse_faces_miem/374_miem.jpeg
158_zulip.jpeg,../data/hse_faces_miem/158_zulip.jpeg
119_miem.jpeg,../data/hse_faces_miem/119_miem.jpeg
433_miem.jpeg,../data/hse_faces_miem/433_miem.jpeg
269_miem.jpeg,../data/hse_faces_miem/269_miem.jpeg
72_miem.jpeg,../data/hse_faces_miem/72_miem.jpeg
213_miem.jpeg,../data/hse_faces_miem/213_miem.jpeg
355_miem.jpeg,../data/hse_faces_miem/355_miem.jpeg
480_miem.jpeg,../data/hse_faces_miem/480_miem.jpeg
163_miem.jpeg,../data/hse_faces_miem/163_miem.jpeg
449_miem.jpeg,../data/hse_faces_miem/449_miem.jpeg
177_miem.jpeg,../data/hse_faces_miem/177_miem.jpeg
341_miem.jpeg,../data/hse_faces_miem/341_miem.jpeg
388_miem.jpeg,../data/hse_faces_miem/388_miem.jpeg
207_miem.jpeg,../data/hse_faces_miem/207_miem.jpeg
427_miem.jpeg,../data/hse_faces_miem/427_miem.jpeg
83_miem.jpeg,../data/hse_faces_miem/83_miem.jpeg
192_miem.jpeg,../data/hse_faces_miem/192_miem.jpeg
471_miem.jpeg,../data/hse_faces_miem/471_miem.jpeg
30_miem.jpeg,../data/hse_faces_miem/30_miem.jpeg
121_miem.jpeg,../data/hse_faces_miem/121_miem.jpeg
317_miem.jpeg,../data/hse_faces_miem/317_miem.jpeg
251_miem.jpeg,../data/hse_faces_miem/251_miem.jpeg
298_miem.jpeg,../data/hse_faces_miem/298_miem.jpeg
245_miem.jpeg,../data/hse_faces_miem/245_miem.jpeg
303_miem.jpeg,../data/hse_faces_miem/303_miem.jpeg
135_miem.jpeg,../data/hse_faces_miem/135_miem.jpeg
24_miem.jpeg,../data/hse_faces_miem/24_miem.jpeg
379_miem.jpeg,../data/hse_faces_miem/379_miem.jpeg
465_miem.jpeg,../data/hse_faces_miem/465_miem.jpeg
186_miem.jpeg,../data/hse_faces_miem/186_miem.jpeg
97_miem.jpeg,../data/hse_faces_miem/97_miem.jpeg
264_miem.jpeg,../data/hse_faces_miem/264_miem.jpeg
114_miem.jpeg,../data/hse_faces_miem/114_miem.jpeg
444_miem.jpeg,../data/hse_faces_miem/444_miem.jpeg
391_miem.jpeg,../data/hse_faces_miem/391_miem.jpeg
358_miem.jpeg,../data/hse_faces_miem/358_miem.jpeg
385_miem.jpeg,../data/hse_faces_miem/385_miem.jpeg
450_miem.jpeg,../data/hse_faces_miem/450_miem.jpeg
328_zulip.jpeg,../data/hse_faces_miem/328_zulip.jpeg
100_miem.jpeg,../data/hse_faces_miem/100_miem.jpeg
270_miem.jpeg,../data/hse_faces_miem/270_miem.jpeg
420_miem.jpeg,../data/hse_faces_miem/420_miem.jpeg
107_zulip.jpeg,../data/hse_faces_miem/107_zulip.jpeg
170_miem.jpeg,../data/hse_faces_miem/170_miem.jpeg
346_miem.jpeg,../data/hse_faces_miem/346_miem.jpeg
200_miem.jpeg,../data/hse_faces_miem/200_miem.jpeg
61_miem.jpeg,../data/hse_faces_miem/61_miem.jpeg
75_miem.jpeg,../data/hse_faces_miem/75_miem.jpeg
214_miem.jpeg,../data/hse_faces_miem/214_miem.jpeg
352_miem.jpeg,../data/hse_faces_miem/352_miem.jpeg
487_miem.jpeg,../data/hse_faces_miem/487_miem.jpeg
164_miem.jpeg,../data/hse_faces_miem/164_miem.jpeg
328_miem.jpeg,../data/hse_faces_miem/328_miem.jpeg
434_miem.jpeg,../data/hse_faces_miem/434_miem.jpeg
54_miem.jpeg,../data/hse_faces_miem/54_miem.jpeg
235_miem.jpeg,../data/hse_faces_miem/235_miem.jpeg
145_miem.jpeg,../data/hse_faces_miem/145_miem.jpeg
415_miem.jpeg,../data/hse_faces_miem/415_miem.jpeg
4_miem.jpeg,../data/hse_faces_miem/4_miem.jpeg
309_miem.jpeg,../data/hse_faces_miem/309_miem.jpeg
286_miem.jpeg,../data/hse_faces_miem/286_miem.jpeg
292_miem.jpeg,../data/hse_faces_miem/292_miem.jpeg
401_miem.jpeg,../data/hse_faces_miem/401_miem.jpeg
367_miem.jpeg,../data/hse_faces_miem/367_miem.jpeg
151_miem.jpeg,../data/hse_faces_miem/151_miem.jpeg
221_miem.jpeg,../data/hse_faces_miem/221_miem.jpeg
40_miem.jpeg,../data/hse_faces_miem/40_miem.jpeg
16_miem.jpeg,../data/hse_faces_miem/16_miem.jpeg
107_miem.jpeg,../data/hse_faces_miem/107_miem.jpeg
277_miem.jpeg,../data/hse_faces_miem/277_miem.jpeg
488_zulip.jpeg,../data/hse_faces_miem/488_zulip.jpeg
382_miem.jpeg,../data/hse_faces_miem/382_miem.jpeg
443_miem.jpeg,../data/hse_faces_miem/443_miem.jpeg
396_miem.jpeg,../data/hse_faces_miem/396_miem.jpeg
219_miem.jpeg,../data/hse_faces_miem/219_miem.jpeg
78_miem.jpeg,../data/hse_faces_miem/78_miem.jpeg
263_miem.jpeg,../data/hse_faces_miem/263_miem.jpeg
439_miem.jpeg,../data/hse_faces_miem/439_miem.jpeg
113_miem.jpeg,../data/hse_faces_miem/113_miem.jpeg
325_miem.jpeg,../data/hse_faces_miem/325_miem.jpeg
148_miem.jpeg,../data/hse_faces_miem/148_miem.jpeg
462_miem.jpeg,../data/hse_faces_miem/462_miem.jpeg
181_miem.jpeg,../data/hse_faces_miem/181_miem.jpeg
238_miem.jpeg,../data/hse_faces_miem/238_miem.jpeg
90_miem.jpeg,../data/hse_faces_miem/90_miem.jpeg
242_miem.jpeg,../data/hse_faces_miem/242_miem.jpeg
9_miem.jpeg,../data/hse_faces_miem/9_miem.jpeg
132_miem.jpeg,../data/hse_faces_miem/132_miem.jpeg
418_miem.jpeg,../data/hse_faces_miem/418_miem.jpeg
23_miem.jpeg,../data/hse_faces_miem/23_miem.jpeg
37_miem.jpeg,../data/hse_faces_miem/37_miem.jpeg
126_miem.jpeg,../data/hse_faces_miem/126_miem.jpeg
310_miem.jpeg,../data/hse_faces_miem/310_miem.jpeg
256_miem.jpeg,../data/hse_faces_miem/256_miem.jpeg
84_miem.jpeg,../data/hse_faces_miem/84_miem.jpeg
195_miem.jpeg,../data/hse_faces_miem/195_miem.jpeg
476_miem.jpeg,../data/hse_faces_miem/476_miem.jpeg
280_miem.jpeg,../data/hse_faces_miem/280_miem.jpeg
249_miem.jpeg,../data/hse_faces_miem/249_miem.jpeg
413_miem.jpeg,../data/hse_faces_miem/413_miem.jpeg
139_miem.jpeg,../data/hse_faces_miem/139_miem.jpeg
2_miem.jpeg,../data/hse_faces_miem/2_miem.jpeg
469_miem.jpeg,../data/hse_faces_miem/469_miem.jpeg
143_miem.jpeg,../data/hse_faces_miem/143_miem.jpeg
375_miem.jpeg,../data/hse_faces_miem/375_miem.jpeg
233_miem.jpeg,../data/hse_faces_miem/233_miem.jpeg
227_miem.jpeg,../data/hse_faces_miem/227_miem.jpeg
157_miem.jpeg,../data/hse_faces_miem/157_miem.jpeg
407_miem.jpeg,../data/hse_faces_miem/407_miem.jpeg
294_miem.jpeg,../data/hse_faces_miem/294_miem.jpeg
9_zulip.jpeg,../data/hse_faces_miem/9_zulip.jpeg
146_zulip.jpeg,../data/hse_faces_miem/146_zulip.jpeg
206_miem.jpeg,../data/hse_faces_miem/206_miem.jpeg
176_miem.jpeg,../data/hse_faces_miem/176_miem.jpeg
340_miem.jpeg,../data/hse_faces_miem/340_miem.jpeg
67_miem.jpeg,../data/hse_faces_miem/67_miem.jpeg
426_miem.jpeg,../data/hse_faces_miem/426_miem.jpeg
268_miem.jpeg,../data/hse_faces_miem/268_miem.jpeg
391_zulip.jpeg,../data/hse_faces_miem/391_zulip.jpeg
118_miem.jpeg,../data/hse_faces_miem/118_miem.jpeg
432_miem.jpeg,../data/hse_faces_miem/432_miem.jpeg
73_miem.jpeg,../data/hse_faces_miem/73_miem.jpeg
491_zulip.jpeg,../data/hse_faces_miem/491_zulip.jpeg
354_miem.jpeg,../data/hse_faces_miem/354_miem.jpeg
448_miem.jpeg,../data/hse_faces_miem/448_miem.jpeg
212_miem.jpeg,../data/hse_faces_miem/212_miem.jpeg
302_miem.jpeg,../data/hse_faces_miem/302_miem.jpeg
134_miem.jpeg,../data/hse_faces_miem/134_miem.jpeg
244_miem.jpeg,../data/hse_faces_miem/244_miem.jpeg
25_miem.jpeg,../data/hse_faces_miem/25_miem.jpeg
378_miem.jpeg,../data/hse_faces_miem/378_miem.jpeg
464_miem.jpeg,../data/hse_faces_miem/464_miem.jpeg
187_miem.jpeg,../data/hse_faces_miem/187_miem.jpeg
82_miem.jpeg,../data/hse_faces_miem/82_miem.jpeg
193_miem.jpeg,../data/hse_faces_miem/193_miem.jpeg
470_miem.jpeg,../data/hse_faces_miem/470_miem.jpeg
31_miem.jpeg,../data/hse_faces_miem/31_miem.jpeg
160_zulip.jpeg,../data/hse_faces_miem/160_zulip.jpeg
250_miem.jpeg,../data/hse_faces_miem/250_miem.jpeg
299_miem.jpeg,../data/hse_faces_miem/299_miem.jpeg
120_miem.jpeg,../data/hse_faces_miem/120_miem.jpeg
316_miem.jpeg,../data/hse_faces_miem/316_miem.jpeg
384_miem.jpeg,../data/hse_faces_miem/384_miem.jpeg
451_miem.jpeg,../data/hse_faces_miem/451_miem.jpeg
10_miem.jpeg,../data/hse_faces_miem/10_miem.jpeg
101_miem.jpeg,../data/hse_faces_miem/101_miem.jpeg
115_miem.jpeg,../data/hse_faces_miem/115_miem.jpeg
17_zulip.jpeg,../data/hse_faces_miem/17_zulip.jpeg
323_miem.jpeg,../data/hse_faces_miem/323_miem.jpeg
265_miem.jpeg,../data/hse_faces_miem/265_miem.jpeg
445_miem.jpeg,../data/hse_faces_miem/445_miem.jpeg
390_miem.jpeg,../data/hse_faces_miem/390_miem.jpeg
359_miem.jpeg,../data/hse_faces_miem/359_miem.jpeg
